1902,B2 GENERAL MEDICAL CENTRE.,B2 THE GENERAL MEDICAL CENTRE.,1900,Immediate,,99,AED,AED,,,,22
1903,B2 EMIRATES POST.,B2 EMIRATES POST.,1903,Immediate,,99,900,AED,,,,42
1902,B2 GENERAL MEDICAL CENTRE.,B2 THE GENERAL MEDICAL CENTRE.,1900,Immediate,,99,AED,AED,,,,22
1903,B2 EMIRATES POST.,B2 EMIRATES POST.,1903,Immediate,,99,900,AED,,,,42
1902,B2 GENERAL MEDICAL CENTRE.,B2 THE GENERAL MEDICAL CENTRE.,1900,Immediate,,99,AED,AED,,,,22
1903,B2 EMIRATES POST.,B2 EMIRATES POST.,1903,Immediate,,99,900,AED,,,,42
1902,B2 GENERAL MEDICAL CENTRE.,B2 THE GENERAL MEDICAL CENTRE.,1900,Immediate,,99,AED,AED,,,,22
1903,B2 EMIRATES POST.,B2 EMIRATES POST.,1903,Immediate,,99,900,AED,,,,42
1902,B2 GENERAL MEDICAL CENTRE.,B2 THE GENERAL MEDICAL CENTRE.,1900,Immediate,,99,AED,AED,,,,22
1903,B2 EMIRATES POST.,B2 EMIRATES POST.,1903,Immediate,,99,900,AED,,,,42
1902,B2 GENERAL MEDICAL CENTRE.,B2 THE GENERAL MEDICAL CENTRE.,1900,Immediate,,99,AED,AED,,,,22
1903,B2 EMIRATES POST.,B2 EMIRATES POST.,1903,Immediate,,99,900,AED,,,,42
1902,B2 GENERAL MEDICAL CENTRE.,B2 THE GENERAL MEDICAL CENTRE.,1900,Immediate,,99,AED,AED,,,,22
1903,B2 EMIRATES POST.,B2 EMIRATES POST.,1903,Immediate,,99,900,AED,,,,42
